,"('num_occur', 'index', 0)","('num_occur', 'score', 0)","('num_occur', 'index', 1)","('num_occur', 'score', 1)","('num_occur', 'index', 2)","('num_occur', 'score', 2)","('num_occur', 'index', 3)","('num_occur', 'score', 3)","('num_occur', 'index', 4)","('num_occur', 'score', 4)","('percentage_of_terms', 'index', 0)","('percentage_of_terms', 'score', 0)","('percentage_of_terms', 'index', 1)","('percentage_of_terms', 'score', 1)","('percentage_of_terms', 'index', 2)","('percentage_of_terms', 'score', 2)","('percentage_of_terms', 'index', 3)","('percentage_of_terms', 'score', 3)","('percentage_of_terms', 'index', 4)","('percentage_of_terms', 'score', 4)","('td-idf', 'index', 0)","('td-idf', 'score', 0)","('td-idf', 'index', 1)","('td-idf', 'score', 1)","('td-idf', 'index', 2)","('td-idf', 'score', 2)","('td-idf', 'index', 3)","('td-idf', 'score', 3)","('td-idf', 'index', 4)","('td-idf', 'score', 4)","('word_order', 'index', 0)","('word_order', 'score', 0)","('word_order', 'index', 1)","('word_order', 'score', 1)","('word_order', 'index', 2)","('word_order', 'score', 2)",truth,"('word_order', 'index', 3)","('word_order', 'score', 3)","('word_order', 'index', 4)","('word_order', 'score', 4)"
0,183,5,40,4,569,3,710,3,342,2,1,1.0,13,0.4,14,0.4,281,0.4,293,0.4,675,0.5095658223243495,135,0.4367707048494425,223,0.3397105482162331,449,0.3397105482162331,266,0.3057394933946098,1,5,293.0,1.0,720.0,1.0,1,721.0,1.0,736.0,0.0
0,728,10,0,9,282,8,691,8,272,8,2,1.0,14,0.4,279,0.4,285,0.4,299,0.4,684,0.29388161853201494,919,0.2868680668268443,490,0.26449345667881347,709,0.26449345667881347,157,0.22041121389901122,2,7,701.0,0.0,663.0,0.0,2,681.0,0.0,695.0,0.0
0,273,21,544,10,761,8,858,7,224,6,701,1.2,3,1.0,923,0.8,18,0.6,250,0.6,552,0.36954211323937414,223,0.24728127372797265,449,0.24728127372797265,785,0.20324816228165576,314,0.1854609552959795,273,6,3.0,5.0,384.0,2.0,3,385.0,2.0,291.0,2.0
0,572,19,639,8,108,7,148,7,736,6,4,1.0,294,0.6,6,0.4,311,0.4,184,0.4,212,0.40873824949762244,366,0.40873824949762244,537,0.20662992800786684,110,0.19344078366693915,509,0.18429155741242179,4,4,6.0,0.0,279.0,0.0,4,792.0,0.0,285.0,0.0
0,510,8,408,6,18,5,23,5,621,5,5,1.0,61,1.0,0,0.4,31,0.4,32,0.4,510,0.27446283551031375,229,0.13113668026756464,208,0.12411370870503159,952,0.11104910778871246,363,0.11023150173190309,5,4,61.0,4.0,0.0,0.0,5,32.0,0.0,36.0,0.0
0,183,11,596,5,271,3,290,3,382,3,6,1.0,735,0.6,9,0.6,123,0.4,166,0.4,659,0.24078345037131432,507,0.19760547371035947,44,0.1971058584879878,424,0.1877252000248415,894,0.17878590478556333,6,6,663.0,1.0,0.0,0.0,6,384.0,0.0,387.0,0.0
0,584,7,814,5,569,4,208,3,561,3,7,1.0,640,0.6,377,0.4,701,0.4,724,0.4,549,0.26365820837225185,550,0.24168669100789753,547,0.20716002086391216,546,0.19334935280631801,548,0.19334935280631801,7,4,377.0,2.0,640.0,1.0,7,724.0,0.0,701.0,0.0
0,997,6,20,5,569,5,384,5,797,5,8,1.0,701,0.8,724,0.8,20,0.6,284,0.6,972,0.38161201272063366,983,0.3193080106437955,304,0.30902054113001826,20,0.25751711760834856,825,0.22072895795001302,8,5,716.0,2.0,257.0,1.0,8,12.0,1.0,276.0,1.0
0,118,6,336,6,374,6,691,6,798,6,9,1.0,32,0.4,33,0.4,285,0.4,322,0.4,684,0.22331565055000002,709,0.20098408549500002,526,0.18271280499545456,829,0.18271280499545456,643,0.16748673791250002,9,6,32.0,0.0,33.0,0.0,9,322.0,0.0,384.0,0.0
0,148,5,4,4,26,4,532,4,311,3,10,1.0,281,0.4,1,0.2,14,0.2,24,0.2,675,0.5095658223243495,135,0.4367707048494425,223,0.3397105482162331,449,0.3397105482162331,26,0.32002694051197667,10,4,281.0,0.0,,,10,,,,
0,273,13,795,12,295,11,408,11,519,10,11,1.0,290,0.8,323,0.8,52,0.6,83,0.4,366,0.5527519553612806,552,0.38799853805756557,295,0.3492994743495326,380,0.3302325102068166,940,0.32830645527947855,11,12,323.0,7.0,750.0,4.0,11,742.0,3.0,408.0,3.0
0,12,10,46,5,31,4,741,4,738,3,12,1.0,250,0.6,990,0.6,31,0.4,332,0.4,12,0.33559625434805507,57,0.18479572391754748,738,0.16761655751243973,119,0.16588043429203864,89,0.15561745172003996,12,6,741.0,2.0,31.0,1.0,12,6.0,0.0,521.0,0.0
0,858,7,224,6,545,6,854,6,34,5,13,1.0,721,0.6,294,0.6,374,0.6,717,0.6,552,0.36954211323937414,832,0.3511597058295662,785,0.20324816228165576,875,0.18477105661968707,971,0.18477105661968707,13,6,374.0,1.0,0.0,0.0,13,1.0,0.0,384.0,0.0
0,14,8,691,8,569,5,761,5,299,4,701,1.2,14,1.0,284,0.8,285,0.8,169,0.6,675,0.5095658223243495,135,0.4367707048494425,223,0.3397105482162331,449,0.3397105482162331,465,0.31463226321864923,14,5,282.0,1.0,284.0,1.0,14,728.0,1.0,0.0,0.0
0,196,7,746,6,924,6,963,6,462,5,15,1.0,41,0.6,772,0.4,943,0.4,35,0.4,35,0.4709420207361891,613,0.28115941536488903,845,0.224258105112471,604,0.18837680829447565,657,0.1857835171222979,15,5,35.0,2.0,41.0,1.0,15,772.0,0.0,716.0,0.0
0,742,7,51,6,553,6,766,6,152,5,16,1.0,22,1.0,294,0.8,49,0.6,146,0.6,289,0.30737278908754845,751,0.2817583899969194,287,0.2600846676894641,820,0.25424704489257965,911,0.2415071914259309,16,4,22.0,2.0,287.0,2.0,16,289.0,2.0,519.0,1.0
0,273,21,184,7,323,7,14,7,433,6,17,1.0,725,1.0,319,0.8,361,0.8,367,0.8,212,0.3769663650075851,424,0.34109447331170356,82,0.2623803640859258,641,0.23197930154312932,465,0.1995026866537475,17,5,725.0,5.0,323.0,4.0,17,367.0,4.0,286.0,3.0
0,788,5,896,5,811,5,250,5,52,5,18,1.0,777,0.6,811,0.6,0,0.4,6,0.4,212,0.3695399088996445,896,0.3508917499539978,404,0.19549683211722732,788,0.19206706313271454,775,0.1780133755864184,18,6,0.0,2.0,640.0,2.0,18,236.0,2.0,34.0,1.0
0,572,15,596,8,603,7,599,6,562,5,19,1.0,6,0.2,253,0.2,384,0.2,652,0.2,720,0.16261540206048078,731,0.11283517693992542,652,0.10808815028337475,920,0.08252124880681114,463,0.07679060652856036,19,4,,,,,19,,,,
0,997,6,797,5,341,4,347,4,745,4,20,1.0,716,0.4,288,0.2,43,0.2,82,0.2,586,0.33239586013213535,595,0.33239586013213535,304,0.30902054113001826,82,0.2556891231785657,341,0.22072895795001302,20,5,716.0,0.0,,,20,,,,
0,13,4,52,3,184,3,290,3,437,3,21,1.0,114,0.6,218,0.6,742,0.6,83,0.4,13,0.2129292893052113,121,0.1774410744210094,737,0.16926427500001798,337,0.12291810446429877,251,0.11867954913794364,21,5,384.0,0.0,392.0,0.0,21,279.0,0.0,285.0,0.0
0,477,7,124,6,180,6,520,6,859,6,22,1.0,16,0.6,644,0.6,134,0.4,752,0.4,352,0.5898067737206495,477,0.39150966876284493,982,0.3081232977941087,180,0.30183506722688197,520,0.2957983658823443,22,5,16.0,1.0,224.0,0.0,22,644.0,0.0,772.0,0.0
0,259,3,394,3,430,3,863,3,189,3,23,1.0,205,0.4,746,0.4,946,0.2,8,0.2,161,0.2797404479983259,378,0.26702497308931117,244,0.2447728919985352,751,0.2180965717428452,622,0.15395052123024366,23,4,746.0,0.0,205.0,0.0,23,,,,
0,717,9,51,6,329,6,553,6,766,6,24,1.0,25,0.6,202,0.4,345,0.4,408,0.4,675,0.5095658223243495,135,0.4367707048494425,223,0.3397105482162331,449,0.3397105482162331,266,0.3057394933946098,24,6,25.0,2.0,865.0,0.0,24,408.0,0.0,293.0,0.0
0,137,10,222,9,247,9,261,9,668,9,25,1.0,24,0.6,143,0.4,697,0.4,706,0.4,168,0.46365238823994875,647,0.46365238823994875,222,0.43543006895577796,565,0.41174643325148513,261,0.3927408465091331,25,6,24.0,3.0,480.0,0.0,25,706.0,0.0,37.0,0.0
0,728,15,984,13,802,8,521,7,803,7,26,1.0,198,0.6,82,0.4,84,0.4,98,0.4,10,0.4261942108695851,424,0.34109447331170356,450,0.3143188645779052,451,0.3143188645779052,82,0.2623803640859258,26,4,98.0,0.0,198.0,0.0,26,10.0,0.0,747.0,0.0
0,14,13,728,10,0,9,282,8,691,8,27,1.0,42,1.0,689,0.6,702,0.6,767,0.6,684,0.29388161853201494,490,0.26449345667881347,709,0.26449345667881347,157,0.22041121389901122,282,0.17781072717903426,27,4,42.0,4.0,984.0,1.0,27,384.0,0.0,273.0,0.0
0,596,15,572,13,553,11,747,8,603,7,28,1.0,694,0.6,387,0.6,3,0.4,24,0.4,763,0.42453569520489687,410,0.3247041725837907,223,0.29388161853201494,74,0.2841161510108169,903,0.2179521158439143,28,5,694.0,1.0,492.0,1.0,28,384.0,0.0,3.0,0.0
0,728,15,984,13,700,12,802,8,96,8,29,1.0,48,1.0,84,0.6,98,0.6,296,0.6,494,0.3808351739278394,26,0.3650154556388577,450,0.3143188645779052,451,0.3143188645779052,82,0.2971351357019406,29,5,296.0,4.0,48.0,4.0,29,98.0,1.0,432.0,1.0
0,700,12,96,8,494,7,387,6,525,6,30,1.0,758,0.6,47,0.4,342,0.4,387,0.4,126,0.5819934103677666,494,0.3808351739278394,465,0.3649274199521577,709,0.3649274199521577,30,0.331752199956507,30,5,758.0,2.0,387.0,0.0,30,525.0,0.0,47.0,0.0
0,46,6,31,5,990,5,585,3,963,3,31,1.0,46,0.6,724,0.4,11,0.2,36,0.2,126,0.4788745062879375,339,0.2755787543297577,31,0.17640967491224865,228,0.10314220135432502,990,0.09801524982501644,46,7,31.0,7.0,724.0,0.0,31,,,,
0,689,9,767,8,322,7,733,6,663,5,32,1.0,285,0.8,0,0.6,33,0.6,284,0.6,327,0.16425806939447102,117,0.10544962479645052,44,0.10293660831287128,733,0.09184322159690851,250,0.08539926022993767,32,6,284.0,1.0,33.0,1.0,32,711.0,1.0,0.0,0.0
0,742,5,250,4,273,4,784,4,33,3,33,1.0,285,0.8,32,0.6,284,0.6,0,0.4,870,0.10524780604934157,44,0.10293660831287128,768,0.10280284333983568,250,0.08539926022993767,457,0.08118943754254637,33,4,768.0,1.0,284.0,1.0,33,32.0,1.0,0.0,0.0
0,742,14,33,13,621,12,34,11,183,11,724,1.2,34,1.0,311,0.6,6,0.6,123,0.6,289,0.23917729824739653,507,0.19760547371035947,214,0.1879250200515258,426,0.1879250200515258,424,0.1877252000248415,34,5,0.0,0.0,384.0,0.0,34,2.0,0.0,387.0,0.0
0,322,19,166,18,779,18,963,18,985,18,35,1.0,41,0.8,701,0.8,15,0.4,283,0.4,35,0.5805815200221353,135,0.47093816179772463,221,0.17350353329389856,334,0.17350353329389856,15,0.17330791642451798,35,8,41.0,4.0,701.0,1.0,35,901.0,0.0,774.0,0.0
0,183,11,596,5,210,3,271,3,290,3,36,1.0,431,0.6,195,0.4,215,0.4,262,0.4,675,0.5095658223243495,135,0.4367707048494425,223,0.3397105482162331,449,0.3397105482162331,266,0.3057394933946098,36,5,424.0,2.0,195.0,0.0,36,262.0,0.0,711.0,0.0
0,408,5,718,4,99,4,233,4,398,4,37,0.8,46,0.4,305,0.4,701,0.4,315,0.4,565,0.41174643325148513,223,0.3548821488420188,94,0.26202045752367237,233,0.26202045752367237,37,0.23785534303892997,37,4,718.0,1.0,315.0,1.0,37,46.0,0.0,305.0,0.0
0,702,7,728,7,418,6,382,5,14,4,38,1.0,27,0.6,42,0.6,332,0.6,761,0.6,418,0.3121016012273569,820,0.286029330198772,832,0.286029330198772,917,0.27287557864936285,202,0.15048285587281038,38,4,40.0,1.0,0.0,0.0,38,32.0,0.0,322.0,0.0
0,310,7,912,5,920,5,231,4,434,4,39,1.0,285,0.4,299,0.4,53,0.2,134,0.2,899,0.4750096529455523,920,0.4118629878853477,657,0.23750482647277615,53,0.22330058462389818,128,0.2159134786116147,39,6,299.0,0.0,285.0,0.0,39,,,,
0,253,8,444,7,721,5,736,4,569,3,40,1.0,123,0.2,223,0.2,253,0.2,435,0.2,223,0.5682589478261134,253,0.30762890408631705,435,0.2378758386248847,720,0.23628400704672192,721,0.2028701070603168,40,9,,,,,40,,,,
0,196,7,746,6,924,6,963,6,462,5,41,1.0,35,0.6,31,0.4,46,0.4,182,0.4,35,0.42679839186332214,515,0.2032373294587248,657,0.1857835171222979,94,0.16889410647481629,352,0.16889410647481629,41,8,35.0,2.0,787.0,1.0,41,999.0,0.0,46.0,0.0
0,14,13,728,10,0,9,282,8,691,8,27,1.0,42,1.0,689,0.6,702,0.6,767,0.6,684,0.29388161853201494,490,0.26449345667881347,709,0.26449345667881347,157,0.22041121389901122,282,0.17781072717903426,27,4,42.0,4.0,984.0,1.0,42,384.0,0.0,273.0,0.0
0,14,13,282,8,118,6,374,6,798,6,285,1.2,713,1.2,43,1.0,691,0.8,9,0.6,684,0.6899578396567947,709,0.3816258383443767,685,0.3469325803130697,687,0.3012835565876658,490,0.26449345667881347,43,5,684.0,4.0,691.0,4.0,43,317.0,3.0,755.0,3.0
0,111,14,742,13,717,12,502,12,690,12,44,1.0,52,0.6,195,0.6,385,0.6,711,0.6,620,0.38799853805756557,875,0.38799853805756557,659,0.2525603652120105,526,0.23014777230542577,832,0.23014777230542577,44,5,903.0,2.0,722.0,2.0,44,323.0,1.0,717.0,1.0
0,184,7,323,7,14,7,433,6,253,5,45,1.0,67,0.8,759,0.8,799,0.8,824,0.8,212,0.3769663650075851,424,0.34109447331170356,82,0.2623803640859258,641,0.23197930154312932,465,0.1995026866537475,45,5,323.0,4.0,759.0,4.0,45,17.0,3.0,286.0,3.0
0,31,5,339,3,46,2,220,2,273,2,46,1.0,31,0.4,211,0.2,230,0.2,339,0.2,339,0.2755787543297577,31,0.17640967491224865,992,0.13261621553669262,804,0.0834990986712509,692,0.08051698800442052,46,9,31.0,4.0,,,46,,,,
0,700,12,96,8,279,7,494,7,296,6,47,1.0,285,0.4,337,0.4,706,0.4,713,0.4,494,0.3808351739278394,30,0.3511597058295662,82,0.2971351357019406,525,0.2897067573093921,96,0.2452543977222367,47,4,706.0,0.0,713.0,0.0,47,337.0,0.0,285.0,0.0
0,728,15,984,13,700,12,802,8,96,8,48,1.0,464,0.6,758,0.6,29,0.6,84,0.6,494,0.3808351739278394,832,0.36516619270857026,26,0.3650154556388577,30,0.3511597058295662,450,0.3143188645779052,48,4,296.0,3.0,29.0,1.0,48,84.0,1.0,30.0,0.0
0,469,6,134,4,170,4,269,4,448,4,49,1.0,111,0.4,379,0.4,660,0.4,50,0.4,126,0.3700191201429417,586,0.2590133841000592,594,0.2590133841000592,595,0.2590133841000592,463,0.1438963245000329,49,5,544.0,0.0,640.0,0.0,49,923.0,0.0,584.0,0.0
0,742,7,813,6,444,5,747,5,621,4,50,1.0,138,0.6,764,0.6,990,0.6,195,0.6,820,0.25424704489257965,813,0.23503594930409194,309,0.21338790134187294,843,0.15669063286939464,239,0.1525482269355478,50,7,387.0,1.0,4.0,1.0,50,195.0,1.0,747.0,1.0
0,123,21,717,9,742,9,871,9,963,6,51,1.0,184,0.8,963,0.8,49,0.6,224,0.6,837,0.34454514599779273,982,0.3081232977941087,180,0.30183506722688197,520,0.2957983658823443,274,0.24166533160322248,51,5,408.0,1.0,671.0,1.0,51,298.0,1.0,49.0,1.0
0,322,12,336,11,985,9,11,8,681,7,52,1.0,83,0.8,279,0.6,290,0.6,114,0.4,366,0.5527519553612806,685,0.24847401588779633,11,0.21972748536100595,687,0.21578006642887573,368,0.21024724421275073,52,4,279.0,1.0,691.0,1.0,52,437.0,1.0,761.0,1.0
0,39,4,53,3,134,1,720,1,735,1,53,1.0,39,0.2,134,0.2,720,0.2,735,0.2,53,0.397950285468979,39,0.38705434668142347,720,0.16232247169598998,770,0.08362066723732817,134,0.035838365433465136,53,5,,,,,53,,,,
0,444,6,822,4,196,3,942,2,212,2,54,1.0,183,0.2,585,0.2,606,0.2,942,0.2,212,0.40873824949762244,366,0.40873824949762244,942,0.40740918183733565,62,0.19448407210972932,127,0.19448407210972932,54,5,,,,,54,,,,
0,12,5,46,5,746,5,31,4,741,4,55,1.0,235,0.6,334,0.6,204,0.4,221,0.4,135,0.47093816179772463,35,0.3296567132584073,478,0.21730684057702748,334,0.20586963844139444,470,0.20586963844139444,55,4,482.0,1.0,235.0,1.0,55,334.0,1.0,515.0,0.0
0,123,21,871,9,963,6,56,2,791,2,56,1.0,278,0.4,245,0.2,307,0.2,748,0.2,837,0.34454514599779273,123,0.15844046859752514,871,0.13482201365131022,51,0.11812976434210037,43,0.08468534241933103,56,4,278.0,0.0,,,56,,,,
0,322,19,166,18,779,18,963,18,985,18,57,1.0,58,0.8,754,0.8,701,0.8,724,0.8,154,0.5539931002202255,57,0.41549482516516917,372,0.147836579134038,657,0.147836579134038,805,0.147836579134038,57,8,58.0,2.0,583.0,2.0,57,701.0,2.0,234.0,2.0
0,9,5,38,5,225,5,282,5,701,5,58,1.0,724,0.8,57,0.6,284,0.4,12,0.4,154,0.5539931002202255,57,0.4054921569329465,936,0.35360872265014337,378,0.34289330681226027,992,0.22187213970205075,58,4,331.0,0.0,12.0,0.0,58,543.0,0.0,849.0,0.0
0,596,15,572,10,561,8,603,7,599,6,59,1.0,14,0.6,0,0.4,27,0.4,42,0.4,223,0.30893995740226116,546,0.1853639744413567,236,0.15277250640771156,185,0.14982488724697582,561,0.13815948405566958,59,5,403.0,1.0,316.0,1.0,59,0.0,0.0,14.0,0.0
0,166,7,444,5,106,4,968,3,123,3,60,1.0,857,0.6,53,0.4,423,0.4,770,0.4,179,0.37292848687489755,638,0.161746535611502,62,0.13664525189063512,161,0.13013833513393822,930,0.12783193943489676,60,4,970.0,1.0,770.0,0.0,60,771.0,0.0,520.0,0.0
0,510,8,408,6,18,5,23,5,621,5,5,1.0,61,1.0,0,0.4,31,0.4,32,0.4,510,0.27446283551031375,229,0.13113668026756464,208,0.12411370870503159,952,0.11104910778871246,363,0.11023150173190309,5,4,61.0,4.0,0.0,0.0,61,32.0,0.0,36.0,0.0
0,166,7,444,5,104,4,106,4,458,4,62,1.0,65,1.0,60,0.8,72,0.8,81,0.8,62,0.14396529446443246,127,0.14396529446443246,372,0.14396529446443246,805,0.14396529446443246,905,0.14396529446443246,62,9,97.0,6.0,921.0,6.0,62,620.0,4.0,127.0,4.0
0,418,4,63,3,123,3,502,3,761,3,63,1.0,362,0.4,382,0.4,779,0.4,0,0.4,130,0.22544756641237745,51,0.2018322946012239,418,0.17012072830942604,61,0.11773550518404728,63,0.10784931772584483,63,6,0.0,0.0,5.0,0.0,63,362.0,0.0,779.0,0.0
0,12,5,46,5,746,5,31,4,741,4,64,1.0,178,1.0,73,0.4,77,0.4,164,0.4,57,0.18479572391754748,89,0.15561745172003996,372,0.147836579134038,657,0.147836579134038,805,0.147836579134038,64,4,178.0,4.0,480.0,0.0,64,866.0,0.0,164.0,0.0
0,166,7,444,5,106,4,104,3,123,3,65,1.0,62,0.8,69,0.6,54,0.6,60,0.6,62,0.14827612096075973,127,0.14827612096075973,372,0.14827612096075973,805,0.14827612096075973,905,0.14827612096075973,62,6,65.0,4.0,97.0,4.0,65,921.0,4.0,68.0,3.0
0,166,7,400,5,444,5,106,4,26,3,66,1.0,76,0.4,92,0.4,172,0.4,209,0.4,62,0.13664525189063512,274,0.13621355081842274,161,0.13013833513393822,188,0.12422295626421376,378,0.12422295626421376,66,4,770.0,1.0,172.0,1.0,66,822.0,1.0,961.0,1.0
0,184,7,323,7,14,7,433,6,253,5,67,1.0,45,0.8,759,0.8,799,0.8,824,0.8,212,0.3769663650075851,424,0.34109447331170356,82,0.2623803640859258,641,0.23197930154312932,465,0.1995026866537475,45,4,67.0,4.0,323.0,4.0,67,759.0,4.0,17.0,3.0
0,916,6,12,5,46,5,670,5,746,5,68,1.0,125,0.8,79,0.6,103,0.6,145,0.6,68,0.3703594429613061,670,0.3452503281842684,916,0.32162793730850264,781,0.30177436093143456,995,0.26003960888772554,68,8,620.0,4.0,805.0,4.0,68,829.0,4.0,837.0,4.0
0,444,6,196,3,62,2,212,2,366,2,69,1.0,446,0.6,65,0.4,173,0.4,259,0.4,62,0.5805815200221353,212,0.40873824949762244,366,0.40873824949762244,65,0.25873418987129804,69,0.09699963451439139,69,4,65.0,0.0,259.0,0.0,69,294.0,0.0,711.0,0.0
0,9,11,322,8,118,6,336,6,374,6,70,1.0,71,0.6,191,0.6,496,0.6,512,0.6,684,0.22331565055000002,709,0.20098408549500002,62,0.19448407210972932,127,0.19448407210972932,372,0.19448407210972932,70,4,817.0,2.0,848.0,2.0,70,512.0,1.0,132.0,1.0
0,9,11,322,8,118,6,336,6,374,6,71,1.0,70,0.4,132,0.4,191,0.4,339,0.4,684,0.22331565055000002,709,0.20098408549500002,526,0.18271280499545456,829,0.18271280499545456,643,0.16748673791250002,71,4,365.0,2.0,817.0,2.0,71,512.0,1.0,132.0,1.0
0,166,7,307,5,444,5,148,4,106,4,72,1.0,789,0.8,496,0.6,339,0.6,363,0.6,201,0.27603145058538986,900,0.23971152287678588,503,0.23356507357225295,132,0.21730684057702748,838,0.1897716222774555,339,5,72.0,4.0,789.0,2.0,72,962.0,2.0,363.0,2.0
0,12,5,46,5,746,5,31,4,741,4,73,1.0,64,0.6,77,0.6,164,0.6,178,0.6,57,0.18479572391754748,89,0.15561745172003996,372,0.14827612096075973,805,0.14827612096075973,905,0.14827612096075973,73,4,866.0,3.0,590.0,2.0,73,203.0,2.0,982.0,2.0
0,747,8,903,7,502,6,813,4,280,3,74,0.8,912,0.4,112,0.4,280,0.4,351,0.4,74,0.4599136698053049,410,0.3247041725837907,731,0.22526383827198607,903,0.2179521158439143,641,0.17484070831434886,74,6,280.0,0.0,707.0,0.0,74,387.0,0.0,912.0,0.0
0,858,7,224,6,545,6,854,6,446,5,75,1.0,204,0.6,224,0.6,420,0.6,423,0.6,552,0.36954211323937414,201,0.2903581217798336,785,0.20324816228165576,875,0.18477105661968707,971,0.18477105661968707,75,4,545.0,1.0,420.0,1.0,75,808.0,1.0,854.0,1.0
0,601,4,839,4,329,4,26,3,279,3,76,1.0,0,0.4,83,0.4,169,0.4,227,0.4,188,0.36025364749834543,514,0.317023209798544,161,0.2974607998246797,244,0.2602781998465947,583,0.24261980341725303,76,6,0.0,0.0,320.0,0.0,76,770.0,0.0,227.0,0.0
0,12,5,46,5,746,5,31,4,741,4,77,1.0,64,0.4,73,0.4,164,0.4,178,0.4,57,0.18479572391754748,89,0.15561745172003996,372,0.147836579134038,657,0.147836579134038,805,0.147836579134038,77,4,64.0,0.0,480.0,0.0,77,866.0,0.0,164.0,0.0
0,6,8,141,6,78,4,433,3,663,3,78,1.0,701,0.4,713,0.4,0,0.2,6,0.2,257,0.10767011643021096,713,0.1008723249846543,6,0.09335634782893495,683,0.09017374506203946,139,0.0826592663068695,78,5,713.0,0.0,701.0,0.0,78,,,,
0,12,5,46,5,746,5,31,4,741,4,79,1.0,119,0.4,124,0.4,137,0.4,335,0.4,57,0.18479572391754748,89,0.15561745172003996,309,0.15278461053214085,372,0.147836579134038,657,0.147836579134038,79,4,668.0,0.0,648.0,0.0,79,137.0,0.0,909.0,0.0
0,33,10,141,5,871,5,80,4,400,4,80,1.0,838,0.6,900,0.6,690,0.4,141,0.4,201,0.3511597058295662,875,0.32832255556160117,503,0.2971351357019406,838,0.18143172500691726,171,0.18057740555888066,80,9,838.0,3.0,900.0,1.0,80,871.0,0.0,141.0,0.0
0,408,8,166,7,322,6,444,5,336,4,81,1.0,992,0.4,663,0.4,32,0.4,382,0.4,890,0.2220456080645397,371,0.14151189840163228,801,0.14151189840163228,939,0.13766827700001463,62,0.13664525189063512,81,4,672.0,1.0,912.0,1.0,81,992.0,0.0,32.0,0.0
0,728,15,984,13,802,8,521,7,803,7,82,1.0,84,0.6,26,0.4,98,0.4,345,0.4,675,0.5095658223243495,135,0.4367707048494425,26,0.3650154556388577,223,0.3397105482162331,449,0.3397105482162331,82,8,84.0,2.0,98.0,0.0,82,424.0,0.0,296.0,0.0
0,382,7,83,6,444,6,331,5,767,4,83,1.0,322,0.6,327,0.6,336,0.6,114,0.4,212,0.40873824949762244,366,0.40873824949762244,349,0.25030595818184476,318,0.24583620892859753,914,0.16926427500001798,83,4,322.0,1.0,327.0,1.0,83,336.0,1.0,328.0,0.0
0,728,15,984,13,802,8,521,7,803,7,84,1.0,82,0.6,98,0.6,26,0.4,306,0.4,26,0.3650154556388577,424,0.34109447331170356,450,0.3143188645779052,451,0.3143188645779052,82,0.2901404903796048,84,6,82.0,2.0,398.0,0.0,84,663.0,0.0,279.0,0.0
0,85,5,211,5,423,4,196,4,254,4,85,1.0,800,0.6,69,0.4,75,0.4,173,0.4,68,0.5645109597191957,201,0.2903581217798336,503,0.24568764150601305,420,0.12784725385247558,69,0.1249416344467375,85,5,3.0,0.0,523.0,0.0,85,269.0,0.0,671.0,0.0
0,166,7,444,5,106,4,104,3,123,3,86,1.0,54,0.6,60,0.6,62,0.6,65,0.6,62,0.14827612096075973,127,0.14827612096075973,372,0.14827612096075973,805,0.14827612096075973,905,0.14827612096075973,62,4,86.0,4.0,97.0,4.0,86,921.0,4.0,128.0,3.0
0,166,7,444,5,106,4,822,4,123,3,87,1.0,412,0.8,417,0.4,724,0.4,889,0.4,369,0.34479032270727633,62,0.19448407210972932,127,0.19448407210972932,372,0.19448407210972932,805,0.19448407210972932,412,4,87.0,4.0,921.0,2.0,87,62.0,2.0,97.0,2.0
0,521,3,123,3,33,2,384,2,599,2,88,1.0,134,0.2,307,0.2,0,0.2,18,0.2,251,0.13851131447566456,723,0.11990531700878425,88,0.11892767151946498,633,0.08732235043031027,758,0.08604267312500914,88,7,,,,,88,,,,
0,46,5,394,5,746,5,31,4,741,4,89,1.0,346,0.6,589,0.6,946,0.6,961,0.6,675,0.4607436391713622,57,0.34555772937852164,678,0.22115694680225384,109,0.21265091038678255,156,0.18429745566854489,89,5,58.0,1.0,961.0,1.0,89,589.0,1.0,339.0,1.0
0,742,8,224,8,384,7,123,7,544,6,90,1.0,2,0.4,112,0.4,209,0.4,280,0.4,417,0.2493764872649214,930,0.1662509915099476,91,0.147250878194525,165,0.11203871166974728,281,0.10888269162271215,90,4,679.0,1.0,428.0,1.0,90,384.0,0.0,0.0,0.0
0,544,7,990,6,253,5,19,4,568,3,91,1.0,724,0.4,19,0.2,114,0.2,118,0.2,899,0.4422015642890245,490,0.357519368971012,157,0.2979328074758433,917,0.2860154951768096,91,0.25268660816515687,91,7,724.0,0.0,,,91,,,,
0,766,13,137,10,224,9,247,9,222,9,92,1.0,701,0.8,54,0.6,141,0.6,173,0.6,168,0.46365238823994875,647,0.46365238823994875,222,0.43543006895577796,261,0.3927408465091331,240,0.3837123213020266,858,7,92.0,6.0,224.0,6.0,92,854.0,6.0,13.0,5.0
0,224,8,742,8,123,7,384,7,502,6,93,1.0,502,0.6,19,0.4,31,0.4,54,0.4,62,0.13664525189063512,161,0.13013833513393822,188,0.12422295626421376,378,0.12422295626421376,921,0.12422295626421376,93,4,968.0,1.0,513.0,0.0,93,260.0,0.0,901.0,0.0
0,259,4,963,4,633,3,900,3,920,3,94,1.0,95,0.8,502,0.4,195,0.4,284,0.4,565,0.8294021714601931,94,0.5278013818383047,675,0.5095658223243495,135,0.4367707048494425,223,0.3397105482162331,94,8,793.0,2.0,95.0,2.0,94,195.0,0.0,724.0,0.0
0,259,4,963,4,633,3,900,3,920,3,95,1.0,94,0.8,502,0.4,724,0.4,0,0.2,565,0.8294021714601931,94,0.5278013818383047,95,0.29029076001106763,127,0.2120180206338787,179,0.2120180206338787,94,4,95.0,4.0,724.0,0.0,95,502.0,0.0,,
0,700,12,494,7,296,6,525,6,476,4,96,1.0,337,0.6,51,0.2,63,0.2,112,0.2,494,0.3808351739278394,30,0.3511597058295662,82,0.2971351357019406,525,0.2897067573093921,157,0.2868089104166971,96,7,337.0,1.0,,,96,,,,
0,166,7,444,5,259,4,963,4,106,4,97,1.0,102,1.0,141,0.8,195,0.8,166,0.6,352,0.42812910976017193,179,0.2120180206338787,127,0.19448407210972932,62,0.19448407210972932,372,0.19448407210972932,97,8,141.0,4.0,102.0,3.0,97,195.0,3.0,62.0,2.0
0,984,13,700,12,96,8,521,7,494,7,98,1.0,29,0.8,84,0.8,296,0.8,48,0.6,494,0.3808351739278394,26,0.3650154556388577,450,0.3143188645779052,451,0.3143188645779052,82,0.2971351357019406,98,5,296.0,3.0,48.0,3.0,98,29.0,2.0,30.0,1.0
